model,blend_weight,wave_pp,poll_error_pp,random_mode,random_sd_pp,point_D,point_R,expected_D,expected_R,p_D_control,D_lo70,D_hi70,control_mc_se
Bayesian,0.0,0.0,-5.0,none,0.0,53,47,52.362711019745944,47.637288980254056,0.9041333333333333,51,54,0.0016997671300199612
Bayesian,0.0,0.0,-4.0,none,0.0,51,49,51.974508161521925,48.025491838478075,0.8466666666666667,50,53,0.0020802421511466897
Bayesian,0.0,0.0,-3.0,none,0.0,51,49,51.575918701125616,48.424081298874384,0.7689,50,53,0.0024337405367047655
Bayesian,0.0,0.0,-2.0,none,0.0,51,49,51.16712520189596,48.83287479810404,0.6762333333333334,50,53,0.002701492255663045
Bayesian,0.0,0.0,-1.0,none,0.0,51,49,50.748649663821084,49.251350336178916,0.5677333333333333,49,52,0.0028601409962654848
Bayesian,0.0,0.0,0.0,none,0.0,51,49,50.32135180820843,49.67864819179157,0.45513333333333333,49,52,0.0028751056920991165
Bayesian,0.0,0.0,1.0,none,0.0,50,50,49.886407442825195,50.113592557174805,0.343,48,51,0.002740748073063265
Bayesian,0.0,0.0,2.0,none,0.0,50,50,49.445271432556,50.554728567444,0.2456,48,51,0.0024851602228696105
Bayesian,0.0,0.0,3.0,none,0.0,50,50,48.999631137503044,51.000368862496956,0.16596666666666668,47,51,0.0021480357866527134
Bayesian,0.0,0.0,4.0,none,0.0,49,51,48.5513563204159,51.4486436795841,0.10516666666666667,47,50,0.0017711261849351569
Bayesian,0.0,0.0,5.0,none,0.0,49,51,48.10245050984961,51.89754949015039,0.06063333333333333,46,50,0.001377884032641139
Bayesian,0.0,1.0,-5.0,none,0.0,53,47,52.91248200033218,47.08751799966782,0.9568333333333333,51,54,0.001173361347519106
Bayesian,0.0,1.0,-4.0,none,0.0,53,47,52.53631276760989,47.46368723239011,0.9235666666666666,51,54,0.0015339630470221995
Bayesian,0.0,1.0,-3.0,none,0.0,52,48,52.15025740941073,47.84974259058927,0.8742666666666666,51,54,0.0019141966306366598
Bayesian,0.0,1.0,-2.0,none,0.0,51,49,51.754099983385416,48.245900016614584,0.8055666666666667,50,53,0.002284943560369506
Bayesian,0.0,1.0,-1.0,none,0.0,51,49,51.34791760496776,48.65208239503224,0.7179,50,53,0.0025982018782227064
Bayesian,0.0,1.0,0.0,none,0.0,51,49,50.932107392932245,49.067892607067755,0.6163666666666666,49,52,0.0028074828517665007
Bayesian,0.0,1.0,1.0,none,0.0,51,49,50.507392494072,49.492607505928,0.5040666666666667,49,52,0.0028866558634645166
Bayesian,0.0,1.0,2.0,none,0.0,50,50,50.07480850032944,49.92519149967056,0.3893,48,52,0.0028151110694488294
Bayesian,0.0,1.0,3.0,none,0.0,50,50,49.63567396712415,50.36432603287585,0.28546666666666665,48,51,0.002607524042004144
Bayesian,0.0,1.0,4.0,none,0.0,50,50,49.19155031897404,50.80844968102596,0.19643333333333332,48,51,0.0022938125387579
Bayesian,0.0,1.0,5.0,none,0.0,50,50,48.74419688262832,51.25580311737168,0.1295,47,50,0.0019384680377383923
Bayesian,0.0,2.0,-5.0,none,0.0,54,46,53.45157954464641,46.54842045535359,0.9826,52,55,0.000754922512579933
Bayesian,0.0,2.0,-4.0,none,0.0,53,47,53.085802866628256,46.914197133371744,0.9666666666666667,52,55,0.0010363754503432015
Bayesian,0.0,2.0,-3.0,none,0.0,53,47,52.71100486005343,47.28899513994657,0.9402333333333334,51,54,0.0013686320691627606
Bayesian,0.0,2.0,-2.0,none,0.0,53,47,52.32669057604482,47.67330942395518,0.8983,51,54,0.001745060743928417
Bayesian,0.0,2.0,-1.0,none,0.0,51,49,51.932581309294704,48.067418690705296,0.8368666666666666,50,53,0.0021332357963813947
Bayesian,0.0,2.0,0.0,none,0.0,51,49,51.52866424586769,48.47133575413231,0.7566666666666667,50,53,0.002477379140827541
Bayesian,0.0,2.0,1.0,none,0.0,51,49,51.11522482214879,48.88477517785121,0.6621333333333334,50,53,0.0027307677932663444
Bayesian,0.0,2.0,2.0,none,0.0,51,49,50.6928596478282,49.3071403521718,0.5524,49,52,0.002870854924930899
Bayesian,0.0,2.0,3.0,none,0.0,50,50,50.26247044387436,49.73752955612564,0.4373666666666667,49,52,0.002864012718521315
Bayesian,0.0,2.0,4.0,none,0.0,50,50,49.82524188463335,50.17475811536665,0.3271,48,51,0.002708662585114654
Bayesian,0.0,2.0,5.0,none,0.0,50,50,49.38260800764624,50.61739199235376,0.23253333333333334,48,51,0.0024389996735152317
Bayesian,0.0,3.0,-5.0,none,0.0,54,46,53.983428983960835,46.016571016039165,0.9942333333333333,53,55,0.000437165575887148
Bayesian,0.0,3.0,-4.0,none,0.0,54,46,53.626245002330904,46.373754997669096,0.9874,52,55,0.0006439782605026339
Bayesian,0.0,3.0,-3.0,none,0.0,53,47,53.2610586268072,46.7389413731928,0.9750666666666666,52,55,0.0009002159411723065
Bayesian,0.0,3.0,-2.0,none,0.0,53,47,52.887233841188625,47.112766158811375,0.9527666666666667,51,54,0.0012247767899438598
Bayesian,0.0,3.0,-1.0,none,0.0,53,47,52.50425926925314,47.49574073074686,0.9189333333333334,51,54,0.0015758052145091006
Bayesian,0.0,3.0,0.0,none,0.0,51,49,52.11181005026299,47.88818994973701,0.8658,51,54,0.0019679969512171507
Bayesian,0.0,3.0,1.0,none,0.0,51,49,51.70979944105184,48.29020055894816,0.7945666666666666,50,53,0.0023325985430337048
Bayesian,0.0,3.0,2.0,none,0.0,51,49,51.298415445264276,48.701584554735724,0.7056666666666667,50,53,0.002631230524692596
Bayesian,0.0,3.0,3.0,none,0.0,51,49,50.87813970599082,49.12186029400918,0.6001666666666666,49,52,0.0028282305356818003
Bayesian,0.0,3.0,4.0,none,0.0,51,49,50.44974831696007,49.55025168303993,0.4864,49,52,0.002885683281304447
Bayesian,0.0,3.0,5.0,none,0.0,50,50,50.014296634547165,49.985703365452835,0.37303333333333333,48,52,0.0027921286118632116
Bayesian,0.0,4.0,-5.0,none,0.0,54,46,54.511135299042266,45.488864700957734,0.9984333333333333,53,56,0.00022834274108762261
Bayesian,0.0,4.0,-4.0,none,0.0,54,46,54.16088519607991,45.83911480392009,0.9959666666666667,53,56,0.00036592647510829985
Bayesian,0.0,4.0,-3.0,none,0.0,54,46,53.80360945874453,46.19639054125547,0.9909333333333333,52,55,0.0005472495537449749
Bayesian,0.0,4.0,-2.0,none,0.0,53,47,53.438661698382234,46.561338301617766,0.9810666666666666,52,55,0.0007868685240077117
Bayesian,0.0,4.0,-1.0,none,0.0,53,47,53.0654311965304,46.9345688034696,0.9637333333333333,52,55,0.0010793732063186109
Bayesian,0.0,4.0,0.0,none,0.0,53,47,52.6834051286701,47.3165948713299,0.9351666666666667,51,54,0.0014216184699398335
Bayesian,0.0,4.0,1.0,none,0.0,52,48,52.29222866137061,47.70777133862939,0.8916333333333334,51,54,0.001794652540393471
Bayesian,0.0,4.0,2.0,none,0.0,51,49,51.89175730155374,48.10824269844626,0.8273,50,53,0.002182313069505229
Bayesian,0.0,4.0,3.0,none,0.0,51,49,51.482096633945076,48.517903366054924,0.7457666666666667,50,53,0.0025139527014614227
Bayesian,0.0,4.0,4.0,none,0.0,51,49,51.06362618824667,48.93637381175333,0.6466666666666666,50,53,0.0027597638116868438
Bayesian,0.0,4.0,5.0,none,0.0,51,49,50.63700637579379,49.36299362420621,0.5361,49,52,0.0028792174283995987
Bayesian,0.0,5.0,-5.0,none,0.0,55,45,55.03712534168312,44.96287465831688,0.9994333333333333,54,57,0.00013739790822711533
Bayesian,0.0,5.0,-4.0,none,0.0,54,46,54.69252056618534,45.30747943381466,0.9989,53,56,0.0001913800755913034
Bayesian,0.0,5.0,-3.0,none,0.0,54,46,54.34167429752351,45.65832570247649,0.9973333333333333,53,56,0.0002977446084345662
Bayesian,0.0,5.0,-2.0,none,0.0,54,46,53.984031737576785,46.015968262423215,0.9936666666666667,52,55,0.00045801099776541723
Bayesian,0.0,5.0,-1.0,none,0.0,54,46,53.61900198790118,46.38099801209882,0.9861333333333333,52,55,0.0006751390528926183
Bayesian,0.0,5.0,0.0,none,0.0,53,47,53.24601063690868,46.75398936309132,0.973,52,55,0.0009357884376289337
Bayesian,0.0,5.0,1.0,none,0.0,53,47,52.86455715205156,47.13544284794844,0.9494333333333334,51,54,0.0012650385881978576
Bayesian,0.0,5.0,2.0,none,0.0,53,47,52.47427219865481,47.52572780134519,0.9129,51,54,0.0016280211915082675
Bayesian,0.0,5.0,3.0,none,0.0,51,49,52.07496958815694,47.92503041184306,0.858,51,54,0.002015241920961352
Bayesian,0.0,5.0,4.0,none,0.0,51,49,51.66668796572009,48.33331203427991,0.7841333333333333,50,53,0.0023753473352255165
Bayesian,0.0,5.0,5.0,none,0.0,51,49,51.249718611451684,48.750281388548316,0.6918333333333333,50,53,0.0026658330294188986
Bayesian,0.0,6.0,-5.0,none,0.0,55,45,55.56294119527931,44.43705880472069,0.9999,54,57,5.7732140095441055e-05
Bayesian,0.0,6.0,-4.0,none,0.0,55,45,55.22319272605361,44.77680727394639,0.9995666666666667,54,57,0.00012015899960129327
Bayesian,0.0,6.0,-3.0,none,0.0,54,46,54.877708619325574,45.122291380674426,0.9991,53,56,0.00017312712092563775
Bayesian,0.0,6.0,-2.0,none,0.0,54,46,54.52608649234806,45.47391350765194,0.9983333333333333,53,56,0.00023550575993585432
Bayesian,0.0,6.0,-1.0,none,0.0,54,46,54.16784163331114,45.83215836668886,0.9954333333333333,53,56,0.00038926478658372866
Bayesian,0.0,6.0,0.0,none,0.0,54,46,53.80244417656367,46.19755582343633,0.9901,52,55,0.0005716056332822488
Bayesian,0.0,6.0,1.0,none,0.0,53,47,53.42936521168238,46.57063478831762,0.9798,52,55,0.0008122388811181104
Bayesian,0.0,6.0,2.0,none,0.0,53,47,53.048128774994915,46.951871225005085,0.9607666666666667,52,55,0.0011209234123240965
Bayesian,0.0,6.0,3.0,none,0.0,53,47,52.65836551747586,47.34163448252414,0.9301,51,54,0.0014721185414225306
Bayesian,0.0,6.0,4.0,none,0.0,52,48,52.259863183818084,47.740136816181916,0.8833666666666666,51,54,0.0018531954285223933
Bayesian,0.0,6.0,5.0,none,0.0,51,49,51.852609118817746,48.147390881182254,0.8180333333333333,50,53,0.002227515797840642
Bayesian,0.0,7.0,-5.0,none,0.0,55,45,56.08919709924247,43.91080290075753,0.9999666666666667,55,58,3.3332777773146234e-05
Bayesian,0.0,7.0,-4.0,none,0.0,55,45,55.754038814369835,44.245961185630165,0.9999666666666667,54,57,3.3332777773146234e-05
Bayesian,0.0,7.0,-3.0,none,0.0,55,45,55.41335440637705,44.58664559362295,0.9997333333333334,54,57,9.42683325328158e-05
Bayesian,0.0,7.0,-2.0,none,0.0,55,45,55.066912100014754,44.933087899985246,0.9993666666666666,54,57,0.00014525061356408144
Bayesian,0.0,7.0,-1.0,none,0.0,54,46,54.71437811349213,45.28562188650787,0.9988333333333334,53,56,0.00019708759098055348
Bayesian,0.0,7.0,0.0,none,0.0,54,46,54.35533751640354,45.64466248359646,0.9969333333333333,53,56,0.00031923148456995996
Bayesian,0.0,7.0,1.0,none,0.0,54,46,53.989324964313184,46.010675035686816,0.9926,52,56,0.0004948144433354105
Bayesian,0.0,7.0,2.0,none,0.0,54,46,53.61586430042388,46.38413569957612,0.985,52,55,0.0007017834423809102
Bayesian,0.0,7.0,3.0,none,0.0,53,47,53.234514745062285,46.765485254937715,0.9700333333333333,52,55,0.0009843553822266222
Bayesian,0.0,7.0,4.0,none,0.0,53,47,52.84492018189951,47.15507981810049,0.9445666666666667,51,54,0.0013211166853447488
Bayesian,0.0,7.0,5.0,none,0.0,52,48,52.446857199438014,47.553142800561986,0.906,51,54,0.0016848738825205878
Bayesian,0.0,8.0,-5.0,none,0.0,56,44,56.61567968877203,43.38432031122797,1.0,55,58,0.0
Bayesian,0.0,8.0,-4.0,none,0.0,55,45,56.28530177518715,43.71469822481285,0.9999666666666667,55,58,3.3332777773146234e-05
Bayesian,0.0,8.0,-3.0,none,0.0,55,45,55.94934882958274,44.05065117041726,0.9999666666666667,54,58,3.3332777773146234e-05
Bayesian,0.0,8.0,-2.0,none,0.0,55,45,55.60774322806245,44.39225677193755,0.9998333333333334,54,57,7.452938769122564e-05
Bayesian,0.0,8.0,-1.0,none,0.0,55,45,55.26030708730315,44.73969291269685,0.9995333333333334,54,57,0.00012469280771678287
Bayesian,0.0,8.0,0.0,none,0.0,54,46,54.9067698156781,45.0932301843219,0.9990333333333333,53,56,0.00017941871160521197
Bayesian,0.0,8.0,1.0,none,0.0,54,46,54.54678403197889,45.45321596802111,0.9978666666666667,53,56,0.0002663820703564844
Bayesian,0.0,8.0,2.0,none,0.0,54,46,54.17995033638338,45.82004966361662,0.9949333333333333,53,56,0.0004099185104202847
Bayesian,0.0,8.0,3.0,none,0.0,54,46,53.80585054465659,46.19414945534341,0.9889,52,55,0.0006048908992537414
Bayesian,0.0,8.0,4.0,none,0.0,53,47,53.42408784632411,46.57591215367589,0.9780333333333333,52,55,0.0008462492190488221
Bayesian,0.0,8.0,5.0,none,0.0,53,47,53.03433113239535,46.96566886760465,0.9571666666666667,51,55,0.0011690257894059887
Bayesian,0.0,9.0,-5.0,none,0.0,57,43,57.14154717291072,42.85845282708928,1.0,56,59,0.0
Bayesian,0.0,9.0,-4.0,none,0.0,56,44,56.81647067260785,43.18352932739215,1.0,55,58,0.0
Bayesian,0.0,9.0,-3.0,none,0.0,56,44,56.48558468190853,43.51441531809147,0.9999666666666667,55,58,3.3332777773146234e-05
Bayesian,0.0,9.0,-2.0,none,0.0,55,45,56.14892831220506,43.85107168779494,0.9999666666666667,55,58,3.3332777773146234e-05
Bayesian,0.0,9.0,-1.0,none,0.0,55,45,55.80645506469153,44.19354493530847,0.9999333333333333,54,57,4.7138880704507926e-05
Bayesian,0.0,9.0,0.0,none,0.0,55,45,55.45803205070948,44.54196794929052,0.9996333333333334,54,57,0.00011053388955763474
Bayesian,0.0,9.0,1.0,none,0.0,54,46,55.103444978252554,44.896555021747446,0.9993666666666666,54,57,0.00014525061356408144
Bayesian,0.0,9.0,2.0,none,0.0,54,46,54.74240995844602,45.25759004155398,0.9988,53,56,0.00019987996397838204
Bayesian,0.0,9.0,3.0,none,0.0,54,46,54.37459292245509,45.62540707754491,0.9963666666666666,53,56,0.0003473774230920535
Bayesian,0.0,9.0,4.0,none,0.0,54,46,53.99963679044278,46.00036320955722,0.9921333333333333,52,56,0.0005100582392309805
Bayesian,0.0,9.0,5.0,none,0.0,53,47,53.61719554244707,46.38280445755293,0.9834333333333334,52,55,0.0007369353708031248
Bayesian,0.0,10.0,-5.0,none,0.0,57,43,57.66557173647121,42.33442826352879,1.0,56,59,0.0
Bayesian,0.0,10.0,-4.0,none,0.0,57,43,57.34650120402044,42.65349879597956,1.0,56,59,0.0
Bayesian,0.0,10.0,-3.0,none,0.0,57,43,57.02128519696877,42.97871480303123,1.0,55,59,0.0
Bayesian,0.0,10.0,-2.0,none,0.0,56,44,56.6900359878487,43.3099640121513,1.0,55,58,0.0
Bayesian,0.0,10.0,-1.0,none,0.0,55,45,56.352799006373004,43.647200993626996,0.9999666666666667,55,58,3.3332777773146234e-05
Bayesian,0.0,10.0,0.0,none,0.0,55,45,56.009548577015195,43.990451422984805,0.9999666666666667,54,58,3.3332777773146234e-05
Bayesian,0.0,10.0,1.0,none,0.0,55,45,55.660187089743914,44.339812910256086,0.9998333333333334,54,57,7.452938769122564e-05
Bayesian,0.0,10.0,2.0,none,0.0,55,45,55.3045483746018,44.6954516253982,0.9995,54,57,0.00012906716597698852
Bayesian,0.0,10.0,3.0,none,0.0,54,46,54.94240629201701,45.05759370798299,0.9991666666666666,53,57,0.00016659720774860024
Bayesian,0.0,10.0,4.0,none,0.0,54,46,54.57348952124063,45.42651047875937,0.9977,53,56,0.00027656885821316236
Bayesian,0.0,10.0,5.0,none,0.0,54,46,54.197503118432756,45.802496881567244,0.9946666666666667,53,56,0.0004205111528005275
Bayesian,0.0,0.0,0.0,shared,1.0,51,49,50.31755175514517,49.68244824485483,0.4564,49,52,0.00287575520515916
Bayesian,0.0,2.0,0.0,shared,1.0,51,49,51.52392889172021,48.47607110827979,0.7473666666666666,50,53,0.002508716353185577
Bayesian,0.0,4.0,0.0,shared,1.0,53,47,52.67884738748607,47.32115261251393,0.9273,51,54,0.001499052033786686
Bayesian,0.0,6.0,0.0,shared,1.0,54,46,53.79860784394151,46.20139215605849,0.9871666666666666,52,55,0.0006498368741176234
Bayesian,0.0,8.0,0.0,shared,1.0,54,46,54.903541271603686,45.096458728396314,0.9985333333333334,53,56,0.00022094611375895142
Bayesian,0.0,10.0,0.0,shared,1.0,55,45,56.006487363703016,43.993512636296984,0.9999333333333333,54,58,4.7138880704507926e-05
Bayesian,0.0,0.0,0.0,independent,1.0,51,49,50.318846647575015,49.681153352424985,0.4568333333333333,49,52,0.0028759731042372937
Bayesian,0.0,2.0,0.0,independent,1.0,51,49,51.525379814442836,48.474620185557164,0.7554666666666666,50,53,0.002481510173410688
Bayesian,0.0,4.0,0.0,independent,1.0,53,47,52.68002998111989,47.31997001888011,0.9338,51,54,0.0014354739054867332
Bayesian,0.0,6.0,0.0,independent,1.0,54,46,53.79944981440363,46.20055018559637,0.9899666666666667,52,55,0.0005754032080653113
Bayesian,0.0,8.0,0.0,independent,1.0,54,46,54.904273869873705,45.095726130126295,0.9990333333333333,53,56,0.00017941871160521197
Bayesian,0.0,10.0,0.0,independent,1.0,55,45,56.00741249707117,43.99258750292883,0.9999333333333333,54,58,4.7138880704507926e-05
Bayesian,0.0,0.0,0.0,shared,2.0,51,49,50.306560707497255,49.693439292502745,0.45843333333333336,48,52,0.0028767586633931265
Bayesian,0.0,2.0,0.0,shared,2.0,51,49,51.51017149812037,48.48982850187963,0.7266333333333334,50,53,0.0025731778810271565
Bayesian,0.0,4.0,0.0,shared,2.0,53,47,52.665477658454606,47.334522341545394,0.9082333333333333,51,54,0.0016667887844150654
Bayesian,0.0,6.0,0.0,shared,2.0,54,46,53.78717971147347,46.21282028852653,0.9785,52,55,0.0008374116868860455
Bayesian,0.0,8.0,0.0,shared,2.0,54,46,54.8937856506644,45.1062143493356,0.9964666666666666,53,57,0.0003425808366351385
Bayesian,0.0,10.0,0.0,shared,2.0,55,45,55.997206077396235,44.002793922603765,0.9997333333333334,54,58,9.42683325328158e-05
Bayesian,0.0,0.0,0.0,independent,2.0,51,49,50.31145756448858,49.68854243551142,0.4557,49,52,0.002875398581066632
Bayesian,0.0,2.0,0.0,independent,2.0,51,49,51.515712026423564,48.484287973576436,0.7535333333333334,50,53,0.002488110721604439
Bayesian,0.0,4.0,0.0,independent,2.0,53,47,52.670071984066624,47.329928015933376,0.9303,51,54,0.0014701690379000638
Bayesian,0.0,6.0,0.0,independent,2.0,54,46,53.790548757528654,46.209451242471346,0.9885,52,55,0.0006155688426163222
Bayesian,0.0,8.0,0.0,independent,2.0,54,46,54.89676780606721,45.10323219393279,0.9990666666666667,53,56,0.00017630108925946643
Bayesian,0.0,10.0,0.0,independent,2.0,55,45,56.000911354233594,43.999088645766406,0.9999333333333333,54,58,4.7138880704507926e-05
Bayesian,0.0,0.0,0.0,shared,3.0,51,49,50.289536426402975,49.710463573597025,0.4618333333333333,48,52,0.002878328829694733
Bayesian,0.0,2.0,0.0,shared,3.0,51,49,51.48861888452295,48.51138111547705,0.7006666666666667,50,53,0.002644068133822632
Bayesian,0.0,4.0,0.0,shared,3.0,53,47,52.644127632055714,47.355872367944286,0.8764,51,55,0.0019002020945152126
Bayesian,0.0,6.0,0.0,shared,3.0,54,46,53.76840948148428,46.23159051851572,0.9615,52,56,0.0011108217678817782
Bayesian,0.0,8.0,0.0,shared,3.0,54,46,54.8773453672524,45.1226546327476,0.9920666666666667,53,57,0.000512197733808457
Bayesian,0.0,10.0,0.0,shared,3.0,55,45,55.98144973470531,44.01855026529469,0.9986,54,58,0.0002158734197008328
Bayesian,0.0,0.0,0.0,independent,3.0,51,49,50.29956150081264,49.70043849918736,0.4508,49,52,0.002872741779786922
Bayesian,0.0,2.0,0.0,independent,3.0,51,49,51.50018234481749,48.49981765518251,0.7481333333333333,50,53,0.002506191326088845
Bayesian,0.0,4.0,0.0,independent,3.0,53,47,52.65399247129127,47.34600752870873,0.9251666666666667,51,54,0.001519136877260193
Bayesian,0.0,6.0,0.0,independent,3.0,54,46,53.77596618242112,46.22403381757888,0.9868666666666667,52,55,0.0006572885943756336
Bayesian,0.0,8.0,0.0,independent,3.0,54,46,54.884200454264914,45.115799545735086,0.9989333333333333,53,56,0.00018846121518665163
Bayesian,0.0,10.0,0.0,independent,3.0,55,45,55.98978713461232,44.01021286538768,0.9999333333333333,54,58,4.7138880704507926e-05
Corrected 20%,0.2,0.0,-5.0,none,0.0,53,47,52.34552445823408,47.65447554176592,0.8906,51,54,0.0018021435384933506
Corrected 20%,0.2,0.0,-4.0,none,0.0,52,48,51.906976716492366,48.093023283507634,0.8246333333333333,50,53,0.002195550036542771
Corrected 20%,0.2,0.0,-3.0,none,0.0,51,49,51.455207616057905,48.544792383942095,0.7346,50,53,0.0025492668227028205
Corrected 20%,0.2,0.0,-2.0,none,0.0,51,49,50.99108493210244,49.00891506789756,0.6275333333333334,49,53,0.0027912676265386955
Corrected 20%,0.2,0.0,-1.0,none,0.0,51,49,50.5159555465425,49.4840444534575,0.5042,49,52,0.002886649499564042
Corrected 20%,0.2,0.0,0.0,none,0.0,51,49,50.031640890039014,49.968359109960986,0.38326666666666664,48,52,0.0028069754118914122
Corrected 20%,0.2,0.0,1.0,none,0.0,50,50,49.54039790488531,50.45960209511469,0.2742,48,51,0.0025756187606087977
Corrected 20%,0.2,0.0,2.0,none,0.0,50,50,49.04484958313142,50.95515041686858,0.18293333333333334,47,51,0.0022321046039473513
Corrected 20%,0.2,0.0,3.0,none,0.0,49,51,48.54789284382433,51.45210715617567,0.11453333333333333,47,50,0.001838617677213771
Corrected 20%,0.2,0.0,4.0,none,0.0,49,51,48.05259354204265,51.94740645795735,0.06596666666666667,46,50,0.0014331209015705961
Corrected 20%,0.2,0.0,5.0,none,0.0,48,52,47.56207848047896,52.43792151952104,0.03546666666666667,46,49,0.0010678449048156483
Corrected 20%,0.2,1.0,-5.0,none,0.0,53,47,52.92796249528352,47.07203750471648,0.9481666666666667,51,54,0.0012799301919621613
Corrected 20%,0.2,1.0,-4.0,none,0.0,53,47,52.50546827014416,47.49453172985584,0.9089333333333334,51,54,0.001661059189080759
Corrected 20%,0.2,1.0,-3.0,none,0.0,52,48,52.0695078757714,47.9304921242286,0.8489333333333333,50,54,0.0020675712715558232
Corrected 20%,0.2,1.0,-2.0,none,0.0,51,49,51.62041171093292,48.37958828906708,0.7683666666666666,50,53,0.002435702035842522
Corrected 20%,0.2,1.0,-1.0,none,0.0,51,49,51.158933274400724,48.841066725599276,0.6653666666666667,50,53,0.0027242972522319438
Corrected 20%,0.2,1.0,0.0,none,0.0,51,49,50.68628567301232,49.31371432698768,0.5484,49,52,0.00287319473757001
Corrected 20%,0.2,1.0,1.0,none,0.0,51,49,50.20414670405655,49.79585329594345,0.42386666666666667,49,52,0.002853090228480665
Corrected 20%,0.2,1.0,2.0,none,0.0,50,50,49.71463068427113,50.28536931572887,0.3098,48,51,0.002669731322311916
Corrected 20%,0.2,1.0,3.0,none,0.0,50,50,49.22022976623968,50.77977023376032,0.21116666666666667,48,51,0.0023563764947871096
Corrected 20%,0.2,1.0,4.0,none,0.0,49,51,48.72373135622128,51.27626864377872,0.1364,47,50,0.001981540141741603
Corrected 20%,0.2,1.0,5.0,none,0.0,49,51,48.22812062037461,51.77187937962539,0.08083333333333333,47,50,0.0015737355300426176
Corrected 20%,0.2,2.0,-5.0,none,0.0,53,47,53.493365410300285,46.506634589699715,0.9804666666666667,52,55,0.0007989948314856231
Corrected 20%,0.2,2.0,-4.0,none,0.0,53,47,53.08616571255507,46.91383428744493,0.9595333333333333,52,55,0.0011376747566206483
Corrected 20%,0.2,2.0,-3.0,none,0.0,53,47,52.665756054585344,47.334243945414656,0.9257666666666666,51,54,0.0015135250857469084
Corrected 20%,0.2,2.0,-2.0,none,0.0,52,48,52.23206032437801,47.76793967562199,0.8738333333333334,51,54,0.001917017117719513
Corrected 20%,0.2,2.0,-1.0,none,0.0,51,49,51.78533358009184,48.21466641990816,0.7984,50,53,0.002316300498640019
Corrected 20%,0.2,2.0,0.0,none,0.0,51,49,51.326226462263534,48.673773537736466,0.7052,50,53,0.0026324447445926252
Corrected 20%,0.2,2.0,1.0,none,0.0,51,49,50.85582766903261,49.14417233096739,0.591,49,52,0.0028385383562671827
Corrected 20%,0.2,2.0,2.0,none,0.0,51,49,50.375677683509984,49.624322316490016,0.46623333333333333,49,52,0.002880160945862935
Corrected 20%,0.2,2.0,3.0,none,0.0,50,50,49.88775081211375,50.11224918788625,0.3490333333333333,48,52,0.0027520238949759355
Corrected 20%,0.2,2.0,4.0,none,0.0,50,50,49.39440701236916,50.60559298763084,0.2441,48,51,0.0024800214380793838
Corrected 20%,0.2,2.0,5.0,none,0.0,49,51,48.898318963847075,51.101681036152925,0.1589,47,51,0.002110693330006359
Corrected 20%,0.2,3.0,-5.0,none,0.0,54,46,54.04422808186854,45.95577191813146,0.9931,53,56,0.0004779257264471129
Corrected 20%,0.2,3.0,-4.0,none,0.0,53,47,53.6512337301633,46.3487662698367,0.9850666666666666,52,55,0.0007002458827414103
Corrected 20%,0.2,3.0,-3.0,none,0.0,53,47,53.24558310128299,46.75441689871701,0.9683666666666667,52,55,0.001010489412043417
Corrected 20%,0.2,3.0,-2.0,none,0.0,53,47,52.8269390329621,47.1730609670379,0.9387333333333333,51,54,0.0013845945522332791
Corrected 20%,0.2,3.0,-1.0,none,0.0,53,47,52.39519134851708,47.60480865148292,0.8943666666666666,51,54,0.00177458851777177
Corrected 20%,0.2,3.0,0.0,none,0.0,52,48,51.9505318189245,48.0494681810755,0.8272666666666667,50,54,0.00218247969741522
Corrected 20%,0.2,3.0,1.0,none,0.0,51,49,51.49351989772319,48.50648010227681,0.7404333333333334,50,53,0.002531085486652069
Corrected 20%,0.2,3.0,2.0,none,0.0,51,49,51.025129932887864,48.974870067112136,0.6316333333333334,49,53,0.0027849157112053713
Corrected 20%,0.2,3.0,3.0,none,0.0,51,49,50.54677248220153,49.45322751779847,0.5086333333333334,49,52,0.002886320989053687
Corrected 20%,0.2,3.0,4.0,none,0.0,50,50,50.06028580222794,49.93971419777206,0.38843333333333335,48,52,0.0028139703794276684
Corrected 20%,0.2,3.0,5.0,none,0.0,50,50,49.56789779361844,50.43210220638156,0.27853333333333335,48,51,0.0025881300556937215
Corrected 20%,0.2,4.0,-5.0,none,0.0,55,45,54.58302975779,45.41697024221,0.9977333333333334,53,56,0.0002745620081079962
Corrected 20%,0.2,4.0,-4.0,none,0.0,54,46,54.20307222479502,45.79692777520498,0.9947333333333334,53,56,0.00041788869685953714
Corrected 20%,0.2,4.0,-3.0,none,0.0,54,46,53.81112972715696,46.18887027284304,0.9888,52,55,0.0006075788014735205
Corrected 20%,0.2,4.0,-2.0,none,0.0,53,47,53.4067335882352,46.5932664117648,0.9756333333333334,52,55,0.0008901859772396291
Corrected 20%,0.2,4.0,-1.0,none,0.0,53,47,52.98954798733797,47.01045201266203,0.9507333333333333,51,55,0.0012495260731202882
Corrected 20%,0.2,4.0,0.0,none,0.0,53,47,52.559439174094464,47.440560825905536,0.9127333333333333,51,54,0.0016294293025019076
Corrected 20%,0.2,4.0,1.0,none,0.0,52,48,52.116547357190065,47.883452642809935,0.8528666666666667,51,54,0.00204519856864442
Corrected 20%,0.2,4.0,2.0,none,0.0,51,49,51.66135258154839,48.33864741845161,0.7713666666666666,50,53,0.002424597095204495
Corrected 20%,0.2,4.0,3.0,none,0.0,51,49,51.19472545349662,48.80527454650338,0.6701,50,53,0.0027145655883277775
Corrected 20%,0.2,4.0,4.0,none,0.0,51,49,50.71795494273222,49.28204505726778,0.554,49,52,0.00286986643127051
Corrected 20%,0.2,4.0,5.0,none,0.0,51,49,50.23274847601197,49.76725152398803,0.4298666666666667,49,52,0.002858212235853941
Corrected 20%,0.2,5.0,-5.0,none,0.0,55,45,55.111986494541114,44.888013505458886,0.9993666666666666,54,57,0.00014525061356408144
Corrected 20%,0.2,5.0,-4.0,none,0.0,55,45,54.74399468799999,45.25600531200001,0.9982333333333333,53,56,0.00024245587609264652
Corrected 20%,0.2,5.0,-3.0,none,0.0,54,46,54.36467987107435,45.63532012892565,0.9963333333333333,53,56,0.00034896142204271724
Corrected 20%,0.2,5.0,-2.0,none,0.0,54,46,53.97353451041528,46.02646548958472,0.9914666666666667,52,56,0.000531052902435514
Corrected 20%,0.2,5.0,-1.0,none,0.0,53,47,53.57011489210262,46.42988510789738,0.9820666666666666,52,55,0.0007661968608847405
Corrected 20%,0.2,5.0,0.0,none,0.0,53,47,53.154093792596534,46.845906207403466,0.9614666666666667,52,55,0.0011112832755506212
Corrected 20%,0.2,5.0,1.0,none,0.0,53,47,52.72532358021951,47.27467641978049,0.9286333333333333,51,54,0.0014863093616466659
Corrected 20%,0.2,5.0,2.0,none,0.0,52,48,52.28390417080763,47.71609582919237,0.8771333333333333,51,54,0.0018953491225355546
Corrected 20%,0.2,5.0,3.0,none,0.0,51,49,51.83024794054129,48.16975205945871,0.8019666666666667,50,53,0.002300841383945028
Corrected 20%,0.2,5.0,4.0,none,0.0,51,49,51.36513276497746,48.63486723502254,0.7086,50,53,0.0026235220601321424
Corrected 20%,0.2,5.0,5.0,none,0.0,51,49,50.88973517887439,49.11026482112561,0.5957,49,53,0.0028333814309643053
Corrected 20%,0.2,6.0,-5.0,none,0.0,55,45,55.632928047144816,44.367071952855184,0.9999333333333333,54,57,4.7138880704507926e-05
Corrected 20%,0.2,6.0,-4.0,none,0.0,55,45,55.27601507238313,44.72398492761687,0.9995666666666667,54,57,0.00012015899960129327
Corrected 20%,0.2,6.0,-3.0,none,0.0,55,45,54.90836827839023,45.09163172160977,0.9988333333333334,53,56,0.00019708759098055348
Corrected 20%,0.2,6.0,-2.0,none,0.0,54,46,54.52948992540324,45.47051007459676,0.9974,53,56,0.0002940090701548762
Corrected 20%,0.2,6.0,-1.0,none,0.0,54,46,54.13890687234612,45.86109312765388,0.9935,53,56,0.00046395940914408846
Corrected 20%,0.2,6.0,0.0,none,0.0,53,47,53.736203569744504,46.263796430255496,0.9858,52,55,0.0006830900379891363
Corrected 20%,0.2,6.0,1.0,none,0.0,53,47,53.321067578002754,46.678932421997246,0.9696333333333333,52,55,0.0009906989489281831
Corrected 20%,0.2,6.0,2.0,none,0.0,53,47,52.8933461936661,47.1066538063339,0.9417666666666666,51,54,0.001352062772485339
Corrected 20%,0.2,6.0,3.0,none,0.0,52,48,52.453109733354694,47.546890266645306,0.8977,51,54,0.0017496162436374436
Corrected 20%,0.2,6.0,4.0,none,0.0,52,48,52.00071446206947,47.99928553793053,0.8312333333333334,50,54,0.0021624405879228903
Corrected 20%,0.2,6.0,5.0,none,0.0,51,49,51.53685678648907,48.46314321351093,0.7445,50,53,0.0025180663877930887
Corrected 20%,0.2,7.0,-5.0,none,0.0,56,44,56.1472890340208,43.8527109659792,0.9999666666666667,55,58,3.3332777773146234e-05
Corrected 20%,0.2,7.0,-4.0,none,0.0,55,45,55.80075785703246,44.19924214296754,0.9999333333333333,54,57,4.7138880704507926e-05
Corrected 20%,0.2,7.0,-3.0,none,0.0,55,45,55.44400182951266,44.55599817048734,0.9997,54,57,9.998499887482572e-05
Corrected 20%,0.2,7.0,-2.0,none,0.0,55,45,55.07654396074659,44.92345603925341,0.9992666666666666,54,57,0.00015628985417652524
Corrected 20%,0.2,7.0,-1.0,none,0.0,55,45,54.69791740727897,45.30208259272103,0.9979333333333333,53,56,0.0002621955730337916
Corrected 20%,0.2,7.0,0.0,none,0.0,54,46,54.307682701114146,45.692317298885854,0.9953333333333333,53,56,0.0003934839636244798
Corrected 20%,0.2,7.0,1.0,none,0.0,54,46,53.90545455714356,46.09454544285644,0.9892,52,55,0.000596751204439506
Corrected 20%,0.2,7.0,2.0,none,0.0,53,47,53.49094040882355,46.50905959117645,0.9766333333333334,52,55,0.0008721747828571124
Corrected 20%,0.2,7.0,3.0,none,0.0,53,47,53.06399033403415,46.93600966596585,0.9533,51,55,0.0012181832100851384
Corrected 20%,0.2,7.0,4.0,none,0.0,52,48,52.62465505552845,47.37534494447155,0.9158333333333334,51,54,0.0016029414513001698
Corrected 20%,0.2,7.0,5.0,none,0.0,52,48,52.17324596214136,47.82675403785864,0.8570666666666666,51,54,0.00202075394803982
Corrected 20%,0.2,8.0,-5.0,none,0.0,57,43,56.6561787884256,43.3438212115744,1.0,55,58,0.0
Corrected 20%,0.2,8.0,-4.0,none,0.0,56,44,56.31947409724603,43.68052590275397,0.9999666666666667,55,58,3.3332777773146234e-05
Corrected 20%,0.2,8.0,-3.0,none,0.0,56,44,55.97300111044587,44.02699888955413,0.9999666666666667,54,58,3.3332777773146234e-05
Corrected 20%,0.2,8.0,-2.0,none,0.0,55,45,55.61629227792841,44.38370772207159,0.9998333333333334,54,57,7.452938769122564e-05
Corrected 20%,0.2,8.0,-1.0,none,0.0,55,45,55.24888918522018,44.75111081477982,0.9993,54,57,0.00015269905042272243
Corrected 20%,0.2,8.0,0.0,none,0.0,55,45,54.87035218351642,45.12964781648358,0.9984666666666666,53,56,0.00022590427340079804
Corrected 20%,0.2,8.0,1.0,none,0.0,54,46,54.48027384115483,45.51972615884517,0.9967333333333334,53,56,0.0003294437511703391
Corrected 20%,0.2,8.0,2.0,none,0.0,54,46,54.07830016157456,45.92169983842544,0.9918333333333333,52,56,0.0005196143512972613
Corrected 20%,0.2,8.0,3.0,none,0.0,53,47,53.66416242581271,46.33583757418729,0.9825,52,55,0.0007570501964863352
Corrected 20%,0.2,8.0,4.0,none,0.0,53,47,53.23772032774076,46.76227967225924,0.9632666666666667,52,55,0.0010860324666042526
Corrected 20%,0.2,8.0,5.0,none,0.0,53,47,52.7990142100541,47.2009857899459,0.9312,51,54,0.001461352797923896
Corrected 20%,0.2,9.0,-5.0,none,0.0,57,43,57.16048238720912,42.83951761279088,1.0,56,59,0.0
Corrected 20%,0.2,9.0,-4.0,none,0.0,57,43,56.83312377110532,43.16687622889468,1.0,55,58,0.0
Corrected 20%,0.2,9.0,-3.0,none,0.0,56,44,56.49643854794844,43.50356145205156,1.0,55,58,0.0
Corrected 20%,0.2,9.0,-2.0,none,0.0,56,44,56.14995327393963,43.85004672606037,0.9999666666666667,55,58,3.3332777773146234e-05
Corrected 20%,0.2,9.0,-1.0,none,0.0,55,45,55.79320329541445,44.20679670458555,0.9998666666666667,54,57,6.666222207406052e-05
Corrected 20%,0.2,9.0,0.0,none,0.0,55,45,55.425743508951214,44.574256491048786,0.9995,54,57,0.00012906716597698852
Corrected 20%,0.2,9.0,1.0,none,0.0,55,45,55.047157175515096,44.952842824484904,0.9988333333333334,53,57,0.00019708759098055348
Corrected 20%,0.2,9.0,2.0,none,0.0,54,46,54.65706641425924,45.34293358574076,0.9974,53,56,0.0002940090701548762
Corrected 20%,0.2,9.0,3.0,none,0.0,54,46,54.255148502211874,45.744851497788126,0.9936,53,56,0.0004603998262380197
Corrected 20%,0.2,9.0,4.0,none,0.0,53,47,53.84116142332243,46.15883857667757,0.9859333333333333,52,55,0.0006799214551587451
Corrected 20%,0.2,9.0,5.0,none,0.0,53,47,53.41498025392882,46.58501974607118,0.9711666666666666,52,55,0.0009661258065459568
Corrected 20%,0.2,10.0,-5.0,none,0.0,57,43,57.66094783269664,42.33905216730336,1.0,56,59,0.0
Corrected 20%,0.2,10.0,-4.0,none,0.0,57,43,57.34247635388998,42.65752364611002,1.0,56,59,0.0
Corrected 20%,0.2,10.0,-3.0,none,0.0,57,43,57.01513010842429,42.98486989157571,1.0,55,59,0.0
Corrected 20%,0.2,10.0,-2.0,none,0.0,56,44,56.67842543690753,43.32157456309247,1.0,55,58,0.0
Corrected 20%,0.2,10.0,-1.0,none,0.0,56,44,56.33187798459221,43.66812201540779,0.9999666666666667,55,58,3.3332777773146234e-05
Corrected 20%,0.2,10.0,0.0,none,0.0,56,44,55.97502066943103,44.02497933056897,0.9999,54,58,5.7732140095441055e-05
Corrected 20%,0.2,10.0,1.0,none,0.0,55,45,55.60741624234768,44.39258375765232,0.9996666666666667,54,57,0.00010539168566545552
Corrected 20%,0.2,10.0,2.0,none,0.0,55,45,55.228666097388135,44.771333902611865,0.9991666666666666,54,57,0.00016659720774860024
Corrected 20%,0.2,10.0,3.0,none,0.0,55,45,54.83841864590413,45.16158135409587,0.9979,53,56,0.000264297181218415
Corrected 20%,0.2,10.0,4.0,none,0.0,54,46,54.4363814312768,45.5636185687232,0.9952,53,56,0.0003990388452268787
Corrected 20%,0.2,10.0,5.0,none,0.0,53,47,54.02234088432748,45.97765911567252,0.9890666666666666,52,56,0.0006003830875797989
Corrected 20%,0.2,0.0,0.0,shared,1.0,51,49,50.028207104267956,49.971792895732044,0.3875,48,52,0.0028127314719562785
Corrected 20%,0.2,2.0,0.0,shared,1.0,51,49,51.3206180979157,48.6793819020843,0.6942666666666667,50,53,0.002659952770396636
Corrected 20%,0.2,4.0,0.0,shared,1.0,53,47,52.55307590797608,47.44692409202392,0.9031666666666667,51,54,0.0017074019141070144
Corrected 20%,0.2,6.0,0.0,shared,1.0,53,47,53.73000057312639,46.26999942687361,0.9821,52,55,0.0007654974417549246
Corrected 20%,0.2,8.0,0.0,shared,1.0,55,45,54.86458602481268,45.13541397518732,0.9976666666666667,53,56,0.00027856111770362916
Corrected 20%,0.2,10.0,0.0,shared,1.0,56,44,55.969650331435844,44.030349668564156,0.9998,54,58,8.164149271866971e-05
Corrected 20%,0.2,0.0,0.0,independent,1.0,51,49,50.02899265353116,49.97100734646884,0.38303333333333334,48,52,0.002806651616481158
Corrected 20%,0.2,2.0,0.0,independent,1.0,51,49,51.32191445012443,48.67808554987557,0.7032333333333334,50,53,0.0026375254325612498
Corrected 20%,0.2,4.0,0.0,independent,1.0,53,47,52.55447778517269,47.44552221482731,0.9111,51,54,0.0016431351131297753
Corrected 20%,0.2,6.0,0.0,independent,1.0,53,47,53.73134690818454,46.26865309181546,0.9852,52,55,0.0006971599529519758
Corrected 20%,0.2,8.0,0.0,independent,1.0,55,45,54.86593001180543,45.13406998819457,0.9984666666666666,53,56,0.00022590427340079804
Corrected 20%,0.2,10.0,0.0,independent,1.0,56,44,55.97108640727697,44.02891359272303,0.9999333333333333,54,58,4.7138880704507926e-05
Corrected 20%,0.2,0.0,0.0,shared,2.0,51,49,50.018432919161256,49.981567080838744,0.39966666666666667,48,52,0.002828033605541857
Corrected 20%,0.2,2.0,0.0,shared,2.0,51,49,51.30444060597857,48.69555939402143,0.6735,49,53,0.002707383423159712
Corrected 20%,0.2,4.0,0.0,shared,2.0,53,47,52.534481221167404,47.465518778832596,0.8775333333333334,51,54,0.0018926928102769537
Corrected 20%,0.2,6.0,0.0,shared,2.0,53,47,53.711636924744184,46.288363075255816,0.9695,52,55,0.000992803270206808
Corrected 20%,0.2,8.0,0.0,shared,2.0,55,45,54.84737752166784,45.15262247833216,0.9949333333333333,53,57,0.0004099185104202847
Corrected 20%,0.2,10.0,0.0,shared,2.0,56,44,55.95359714621097,44.04640285378903,0.9994,54,58,0.00014137892346457266
Corrected 20%,0.2,0.0,0.0,independent,2.0,51,49,50.02127923765953,49.97872076234047,0.38426666666666665,48,52,0.0028083553642393355
Corrected 20%,0.2,2.0,0.0,independent,2.0,51,49,51.30931817817654,48.69068182182346,0.6981333333333334,50,53,0.0026504287843178774
Corrected 20%,0.2,4.0,0.0,independent,2.0,53,47,52.539899261184914,47.460100738815086,0.9062333333333333,51,54,0.0016829981074349518
Corrected 20%,0.2,6.0,0.0,independent,2.0,53,47,53.716959713320605,46.283040286679395,0.9830333333333333,52,55,0.0007456272278846606
Corrected 20%,0.2,8.0,0.0,independent,2.0,55,45,54.852727520433426,45.147272479566574,0.9984333333333333,53,56,0.00022834274108762261
Corrected 20%,0.2,10.0,0.0,independent,2.0,56,44,55.95927058796565,44.04072941203435,0.9998666666666667,54,58,6.666222207406052e-05
Corrected 20%,0.2,0.0,0.0,shared,3.0,51,49,50.00375034617787,49.99624965382213,0.4115,48,52,0.0028411719999558867
Corrected 20%,0.2,2.0,0.0,shared,3.0,51,49,51.2794406177126,48.7205593822874,0.6499333333333334,49,53,0.0027539062895915417
Corrected 20%,0.2,4.0,0.0,shared,3.0,53,47,52.505040366636095,47.494959633363905,0.8419,50,55,0.0021063743731825073
Corrected 20%,0.2,6.0,0.0,shared,3.0,53,47,53.68187568229879,46.31812431770121,0.9473,52,56,0.0012899962532245326
Corrected 20%,0.2,8.0,0.0,shared,3.0,55,45,54.81905541665567,45.18094458334433,0.9871666666666666,53,57,0.0006498368741176234
Corrected 20%,0.2,10.0,0.0,shared,3.0,56,44,55.927038307945594,44.072961692054406,0.9977,54,58,0.00027656885821316236
Corrected 20%,0.2,0.0,0.0,independent,3.0,51,49,50.00916423451284,49.99083576548716,0.38333333333333336,48,52,0.0028070677992577293
Corrected 20%,0.2,2.0,0.0,independent,3.0,51,49,51.289380681682864,48.710619318317136,0.6902333333333334,50,53,0.002669652155174833
Corrected 20%,0.2,4.0,0.0,independent,3.0,53,47,52.516556769263914,47.483443230736086,0.9,51,54,0.0017320508075688772
Corrected 20%,0.2,6.0,0.0,independent,3.0,53,47,53.69357083316492,46.30642916683508,0.9806,52,55,0.0007963173571719584
Corrected 20%,0.2,8.0,0.0,independent,3.0,55,45,54.830944086805374,45.169055913194626,0.9981333333333333,53,56,0.00024921090279936514
Corrected 20%,0.2,10.0,0.0,independent,3.0,56,44,55.93954310579599,44.06045689420401,0.9999,54,58,5.7732140095441055e-05
Corrected 50%,0.5,0.0,-5.0,none,0.0,53,47,52.313783641629186,47.686216358370814,0.8678333333333333,51,54,0.0019553229817508315
Corrected 50%,0.5,0.0,-4.0,none,0.0,52,48,51.78770585006086,48.21229414993914,0.7836,50,54,0.0023774709251639654
Corrected 50%,0.5,0.0,-3.0,none,0.0,51,49,51.24374101863326,48.75625898136674,0.6747,49,53,0.002704809974841116
Corrected 50%,0.5,0.0,-2.0,none,0.0,51,49,50.68511612846966,49.31488387153034,0.5504,49,52,0.0028720482818597134
Corrected 50%,0.5,0.0,-1.0,none,0.0,51,49,50.11574012274528,49.88425987725472,0.4160333333333333,48,52,0.0028457547264237235
Corrected 50%,0.5,0.0,0.0,none,0.0,51,49,49.540096149995584,50.459903850004416,0.28946666666666665,48,51,0.002618369184279632
Corrected 50%,0.5,0.0,1.0,none,0.0,48,52,48.96307914455933,51.03692085544067,0.1879,47,51,0.0022553166074855214
Corrected 50%,0.5,0.0,2.0,none,0.0,48,52,48.38978874682204,51.61021125317796,0.11076666666666667,47,50,0.0018119732542380624
Corrected 50%,0.5,0.0,3.0,none,0.0,48,52,47.82529571810962,52.17470428189038,0.0594,46,50,0.0013646933721536132
Corrected 50%,0.5,0.0,4.0,none,0.0,48,52,47.2744049115295,52.7255950884705,0.028133333333333333,46,49,0.0009546700806891159
Corrected 50%,0.5,0.0,5.0,none,0.0,47,53,46.74143840936179,53.25856159063821,0.012333333333333333,45,48,0.0006372132615857432
Corrected 50%,0.5,1.0,-5.0,none,0.0,53,47,52.960483584409616,47.039516415590384,0.9351333333333334,51,55,0.001421958534583225
Corrected 50%,0.5,1.0,-4.0,none,0.0,53,47,52.458057813576175,47.541942186423825,0.8851333333333333,51,54,0.0018409446447911423
Corrected 50%,0.5,1.0,-3.0,none,0.0,52,48,51.93502550925017,48.06497449074983,0.8085,50,54,0.002271766933468308
Corrected 50%,0.5,1.0,-2.0,none,0.0,52,48,51.39377627124027,48.60622372875973,0.7057666666666667,50,53,0.0026309699028361443
Corrected 50%,0.5,1.0,-1.0,none,0.0,51,49,50.83743208081219,49.16256791918781,0.5844666666666667,49,53,0.0028452614538458047
Corrected 50%,0.5,1.0,0.0,none,0.0,51,49,50.269801615551714,49.730198384448286,0.44943333333333335,48,52,0.0028719506276061583
Corrected 50%,0.5,1.0,1.0,none,0.0,51,49,49.69528083206497,50.30471916793503,0.32126666666666664,48,51,0.0026960118419346478
Corrected 50%,0.5,1.0,2.0,none,0.0,48,52,49.11869931395104,50.88130068604896,0.21236666666666668,47,51,0.002361264248628656
Corrected 50%,0.5,1.0,3.0,none,0.0,48,52,48.54512099743741,51.45487900256259,0.12886666666666666,47,50,0.0019344254003785283
Corrected 50%,0.5,1.0,4.0,none,0.0,48,52,47.9796161509681,52.0203838490319,0.0709,46,50,0.0014818140909034442
Corrected 50%,0.5,1.0,5.0,none,0.0,48,52,47.42702678286363,52.57297321713637,0.034633333333333335,46,49,0.0010556809106852247
Corrected 50%,0.5,2.0,-5.0,none,0.0,53,47,53.576624483421455,46.423375516578545,0.9723666666666667,52,55,0.000946391959359725
Corrected 50%,0.5,2.0,-4.0,none,0.0,53,47,53.099615463293105,46.900384536706895,0.9458333333333333,51,55,0.0013068108622251464
Corrected 50%,0.5,2.0,-3.0,none,0.0,53,47,52.600223248466264,47.399776751533736,0.9012333333333333,51,54,0.0017225157205109647
Corrected 50%,0.5,2.0,-2.0,none,0.0,52,48,52.08001000087425,47.91998999912575,0.8306333333333333,50,54,0.0021654991640796422
Corrected 50%,0.5,2.0,-1.0,none,0.0,52,48,51.541263821394566,48.458736178605434,0.7357666666666667,50,53,0.002545676589100881
Corrected 50%,0.5,2.0,0.0,none,0.0,51,49,50.98700268667088,49.01299731332912,0.6180333333333333,49,53,0.002805162694166016
Corrected 50%,0.5,2.0,1.0,none,0.0,51,49,50.42093506608095,49.57906493391905,0.48306666666666664,49,52,0.0028850953896548044
Corrected 50%,0.5,2.0,2.0,none,0.0,51,49,49.84736848549983,50.15263151450017,0.35123333333333334,48,52,0.0027560145070305714
Corrected 50%,0.5,2.0,3.0,none,0.0,49,51,49.27106444962374,50.72893555037626,0.2368,47,51,0.0024544229464377163
Corrected 50%,0.5,2.0,4.0,none,0.0,48,52,48.697046996869375,51.302953003130625,0.1467,47,50,0.0020427033558497914
Corrected 50%,0.5,2.0,5.0,none,0.0,48,52,48.1303804909304,51.8696195090696,0.08316666666666667,46,50,0.0015942602487488487
Corrected 50%,0.5,3.0,-5.0,none,0.0,54,46,54.162848978796525,45.837151021203475,0.9904666666666667,53,56,0.000561024327722332
Corrected 50%,0.5,3.0,-4.0,none,0.0,54,46,53.71202728590128,46.28797271409872,0.9780666666666666,52,55,0.0008456213144235475
Corrected 50%,0.5,3.0,-3.0,none,0.0,53,47,53.23792758575165,46.76207241424835,0.9549,52,55,0.0011981373043186666
Corrected 50%,0.5,3.0,-2.0,none,0.0,53,47,52.74133551717489,47.25866448282511,0.9149333333333334,51,54,0.0016106968356262128
Corrected 50%,0.5,3.0,-1.0,none,0.0,52,48,52.22371978614441,47.77628021385559,0.8512,51,54,0.002054738912854867
Corrected 50%,0.5,3.0,0.0,none,0.0,52,48,51.68726843800504,48.31273156199496,0.7610666666666667,50,53,0.0024620059271222693
Corrected 50%,0.5,3.0,1.0,none,0.0,51,49,51.134896457830706,48.865103542169294,0.6478,49,53,0.002757747631673355
Corrected 50%,0.5,3.0,2.0,none,0.0,51,49,50.570212267346186,49.429787732653814,0.5174333333333333,49,52,0.0028849961229834658
Corrected 50%,0.5,3.0,3.0,none,0.0,51,49,49.99743390538782,50.00256609461218,0.3832,48,52,0.0028068829687038963
Corrected 50%,0.5,3.0,4.0,none,0.0,49,51,49.421252307200824,50.578747692799176,0.2623666666666667,48,51,0.0025398845045191123
Corrected 50%,0.5,3.0,5.0,none,0.0,48,52,48.8466476747447,51.1533523252553,0.1677,47,51,0.0021569786739789524
Corrected 50%,0.5,4.0,-5.0,none,0.0,56,44,54.72075710605817,45.27924289394183,0.9966333333333334,53,56,0.000334431468925109
Corrected 50%,0.5,4.0,-4.0,none,0.0,55,45,54.29599501788523,45.70400498211477,0.9923,53,56,0.0005046685380854791
Corrected 50%,0.5,4.0,-3.0,none,0.0,54,46,53.84786037050806,46.15213962949194,0.9821333333333333,52,55,0.0007647973345684227
Corrected 50%,0.5,4.0,-2.0,none,0.0,53,47,53.37643266897322,46.62356733102678,0.9624,52,55,0.001098275011096947
Corrected 50%,0.5,4.0,-1.0,none,0.0,53,47,52.882413469008554,47.117586530991446,0.9270666666666667,51,55,0.0015012668230777876
Corrected 50%,0.5,4.0,0.0,none,0.0,52,48,52.36717943120346,47.63282056879654,0.8702666666666666,51,54,0.0019399535695092944
Corrected 50%,0.5,4.0,1.0,none,0.0,52,48,51.83281994054935,48.16718005945065,0.7862666666666667,50,54,0.0023667938619966857
Corrected 50%,0.5,4.0,2.0,none,0.0,51,49,51.282148020813715,48.717851979186285,0.6774,50,53,0.002698945720091458
Corrected 50%,0.5,4.0,3.0,none,0.0,51,49,50.71867230525433,49.28132769474567,0.5493666666666667,49,52,0.0028726464698498387
Corrected 50%,0.5,4.0,4.0,none,0.0,51,49,50.146520467229365,49.853479532770635,0.4170333333333333,48,52,0.002846732233176736
Corrected 50%,0.5,4.0,5.0,none,0.0,49,51,49.57031061888205,50.42968938111795,0.29136666666666666,48,51,0.0026234337055483998
Corrected 50%,0.5,5.0,-5.0,none,0.0,56,44,55.25278808252949,44.74721191747051,0.9991,54,57,0.00017312712092563775
Corrected 50%,0.5,5.0,-4.0,none,0.0,56,44,54.85315981085378,45.14684018914622,0.9976666666666667,53,56,0.00027856111770362916
Corrected 50%,0.5,5.0,-3.0,none,0.0,55,45,54.430777001983024,45.569222998016976,0.9941,53,56,0.00044216098124250384
Corrected 50%,0.5,5.0,-2.0,none,0.0,54,46,53.98509032934858,46.01490967065142,0.9858333333333333,52,56,0.0006822993532221816
Corrected 50%,0.5,5.0,-1.0,none,0.0,53,47,53.51610415774033,46.48389584225967,0.9689,52,55,0.0010022107230185347
Corrected 50%,0.5,5.0,0.0,none,0.0,53,47,53.02443711047883,46.97556288952117,0.9384333333333333,51,55,0.0013877585311359972
Corrected 50%,0.5,5.0,1.0,none,0.0,52,48,52.51137514490692,47.48862485509308,0.8872,51,54,0.0018264369685264258
Corrected 50%,0.5,5.0,2.0,none,0.0,52,48,51.978910339855304,48.021089660144696,0.8094333333333333,50,54,0.0022675317875186242
Corrected 50%,0.5,5.0,3.0,none,0.0,51,49,51.42975480562314,48.57024519437686,0.7079333333333333,50,53,0.0026252855647141125
Corrected 50%,0.5,5.0,4.0,none,0.0,51,49,50.86731774088855,49.13268225911145,0.5829333333333333,49,53,0.0028467646092960935
Corrected 50%,0.5,5.0,5.0,none,0.0,51,49,50.29563574837026,49.70436425162974,0.45056666666666667,49,52,0.0028726082547373536
Corrected 50%,0.5,6.0,-5.0,none,0.0,56,44,55.762101422338645,44.237898577661355,0.9996333333333334,54,57,0.00011053388955763474
Corrected 50%,0.5,6.0,-4.0,none,0.0,56,44,55.38598652378627,44.61401347621373,0.9992,54,57,0.00016323398338989985
Corrected 50%,0.5,6.0,-3.0,none,0.0,56,44,54.98835580542192,45.01164419457808,0.9980333333333333,53,57,0.00025578629679799073
Corrected 50%,0.5,6.0,-2.0,none,0.0,56,44,54.56811330676983,45.43188669323017,0.9952333333333333,53,56,0.00039765753924516446
Corrected 50%,0.5,6.0,-1.0,none,0.0,54,46,54.12464302726106,45.87535697273894,0.9889333333333333,52,56,0.0006039921510404905
Corrected 50%,0.5,6.0,0.0,none,0.0,53,47,53.657875144197206,46.342124855802794,0.9750333333333333,52,55,0.0009008020911428926
Corrected 50%,0.5,6.0,1.0,none,0.0,53,47,53.16834646011799,46.83165353988201,0.9476333333333333,51,55,0.001286136318447477
Corrected 50%,0.5,6.0,2.0,none,0.0,52,48,52.65725351749484,47.34274648250516,0.9034666666666666,51,54,0.001705038111879897
Corrected 50%,0.5,6.0,3.0,none,0.0,52,48,52.12649240946976,47.87350759053024,0.8326666666666667,50,54,0.002155093879539736
Corrected 50%,0.5,6.0,4.0,none,0.0,51,49,51.57867539870175,48.42132460129825,0.7347333333333333,50,53,0.002548857667153544
Corrected 50%,0.5,6.0,5.0,none,0.0,51,49,51.01711269366166,48.98288730633834,0.6164,49,53,0.002807436790621177
Corrected 50%,0.5,7.0,-5.0,none,0.0,56,44,56.252442401227135,43.747557598772865,0.9999666666666667,55,58,3.3332777773146234e-05
Corrected 50%,0.5,7.0,-4.0,none,0.0,56,44,55.89764208687063,44.10235791312937,0.9996666666666667,54,57,0.00010539168566545552
Corrected 50%,0.5,7.0,-3.0,none,0.0,56,44,55.52308203993615,44.47691796006385,0.9993,54,57,0.00015269905042272243
Corrected 50%,0.5,7.0,-2.0,none,0.0,56,44,55.12721236469781,44.87278763530219,0.9985333333333334,54,57,0.00022094611375895142
Corrected 50%,0.5,7.0,-1.0,none,0.0,56,44,54.70887966108624,45.29112033891376,0.9961666666666666,53,56,0.0003567743866408626
Corrected 50%,0.5,7.0,0.0,none,0.0,54,46,54.2674022886647,45.7325977113353,0.9918333333333333,53,56,0.0005196143512972613
Corrected 50%,0.5,7.0,1.0,none,0.0,53,47,53.80263721626206,46.19736278373794,0.9795333333333334,52,55,0.0008174713495942266
Corrected 50%,0.5,7.0,2.0,none,0.0,53,47,53.315040517205944,46.684959482794056,0.9562,52,55,0.0011815464442839303
Corrected 50%,0.5,7.0,3.0,none,0.0,52,48,52.80572056730122,47.19427943269878,0.9167,51,55,0.0015954216788464843
Corrected 50%,0.5,7.0,4.0,none,0.0,52,48,52.276478767362725,47.723521232637275,0.8518333333333333,51,54,0.0020511241272007856
Corrected 50%,0.5,7.0,5.0,none,0.0,52,48,51.7298286160333,48.2701713839667,0.7614666666666666,50,54,0.0024605905945675063
Corrected 50%,0.5,8.0,-5.0,none,0.0,56,44,56.727973919353275,43.272026080646725,1.0,55,58,0.0
Corrected 50%,0.5,8.0,-4.0,none,0.0,56,44,56.39185299842989,43.60814700157011,1.0,55,58,0.0
Corrected 50%,0.5,8.0,-3.0,none,0.0,56,44,56.038121233059854,43.961878766940146,0.9997666666666667,55,58,8.818142073567486e-05
Corrected 50%,0.5,8.0,-2.0,none,0.0,56,44,55.66488564741992,44.33511435258008,0.9995,54,57,0.00012906716597698852
Corrected 50%,0.5,8.0,-1.0,none,0.0,56,44,55.27055057763167,44.72944942236833,0.9988333333333334,54,57,0.00019708759098055348
Corrected 50%,0.5,8.0,0.0,none,0.0,56,44,54.85390665044955,45.14609334955045,0.9968333333333333,53,56,0.00032437832279037354
Corrected 50%,0.5,8.0,1.0,none,0.0,54,46,54.41420772107561,45.58579227892439,0.9936,53,56,0.0004603998262380197
Corrected 50%,0.5,8.0,2.0,none,0.0,53,47,53.951238573410166,46.048761426589834,0.9840333333333333,52,56,0.0007236880594616772
Corrected 50%,0.5,8.0,3.0,none,0.0,53,47,53.46537563980799,46.53462436019201,0.9639333333333333,52,55,0.0010765045629601737
Corrected 50%,0.5,8.0,4.0,none,0.0,53,47,52.95764034949234,47.04235965050766,0.9287333333333333,51,55,0.0014853476460511292
Corrected 50%,0.5,8.0,5.0,none,0.0,52,48,52.42974068271745,47.57025931728255,0.8710333333333333,51,54,0.0019350647323845573
Corrected 50%,0.5,9.0,-5.0,none,0.0,57,43,57.19306373772194,42.80693626227806,1.0,56,59,0.0
Corrected 50%,0.5,9.0,-4.0,none,0.0,56,44,56.8727258069502,43.1272741930498,1.0,55,58,0.0
Corrected 50%,0.5,9.0,-3.0,none,0.0,56,44,56.53716732180939,43.46283267819061,1.0,55,58,0.0
Corrected 50%,0.5,9.0,-2.0,none,0.0,56,44,56.18428532553991,43.81571467446009,0.9998,55,58,8.164149271866971e-05
Corrected 50%,0.5,9.0,-1.0,none,0.0,56,44,55.81215634187919,44.18784365812081,0.9996,54,57,0.00011544695751728815
Corrected 50%,0.5,9.0,0.0,none,0.0,56,44,55.41914109757677,44.58085890242323,0.9991,54,57,0.00017312712092563775
Corrected 50%,0.5,9.0,1.0,none,0.0,56,44,55.00397586943494,44.99602413056506,0.9974333333333333,53,57,0.00029212319826224796
Corrected 50%,0.5,9.0,2.0,none,0.0,54,46,54.565851257198084,45.434148742801916,0.9945666666666667,53,56,0.0004244138005226416
Corrected 50%,0.5,9.0,3.0,none,0.0,54,46,54.104480942847644,45.895519057152356,0.9867,52,56,0.0006613902025279777
Corrected 50%,0.5,9.0,4.0,none,0.0,53,47,53.620162816898386,46.379837183101614,0.9698666666666667,52,55,0.0009870041464883446
Corrected 50%,0.5,9.0,5.0,none,0.0,53,47,53.11383256423012,46.88616743576988,0.9395666666666667,51,55,0.0013757561018770195
Corrected 50%,0.5,10.0,-5.0,none,0.0,57,43,57.652029479008405,42.347970520991595,1.0,56,59,0.0
Corrected 50%,0.5,10.0,-4.0,none,0.0,57,43,57.34452255883676,42.65547744116324,1.0,56,59,0.0
Corrected 50%,0.5,10.0,-3.0,none,0.0,57,43,57.024251479295614,42.975748520704386,1.0,56,59,0.0
Corrected 50%,0.5,10.0,-2.0,none,0.0,56,44,56.6890556543543,43.3109443456457,1.0,55,58,0.0
Corrected 50%,0.5,10.0,-1.0,none,0.0,56,44,56.336820491554775,43.663179508445225,0.9999666666666667,55,58,3.3332777773146234e-05
Corrected 50%,0.5,10.0,0.0,none,0.0,56,44,55.96559491344375,44.03440508655625,0.9997,54,58,9.998499887482572e-05
Corrected 50%,0.5,10.0,1.0,none,0.0,56,44,55.573698365695435,44.426301634304565,0.9993,54,57,0.00015269905042272243
Corrected 50%,0.5,10.0,2.0,none,0.0,56,44,55.15981455663385,44.84018544336615,0.9979,54,57,0.000264297181218415
Corrected 50%,0.5,10.0,3.0,none,0.0,56,44,54.72307220084201,45.27692779915799,0.9956666666666667,53,56,0.00037923412098401355
Corrected 50%,0.5,10.0,4.0,none,0.0,54,46,54.26311503245627,45.73688496754373,0.9893333333333333,53,56,0.0005930960824039933
Corrected 50%,0.5,10.0,5.0,none,0.0,53,47,53.780163521853524,46.219836478146476,0.9749333333333333,52,56,0.0009025580108574536
Corrected 50%,0.5,0.0,0.0,shared,1.0,51,49,49.53942654596587,50.46057345403413,0.29786666666666667,48,51,0.0026403416165056847
Corrected 50%,0.5,2.0,0.0,shared,1.0,51,49,50.98114906841958,49.01885093158042,0.608,49,53,0.002818604855834413
Corrected 50%,0.5,4.0,0.0,shared,1.0,52,48,52.357676792049546,47.642323207950454,0.8583666666666666,51,54,0.002013068406042728
Corrected 50%,0.5,6.0,0.0,shared,1.0,53,47,53.64654964752623,46.35345035247377,0.9683,52,55,0.0010115188250019531
Corrected 50%,0.5,8.0,0.0,shared,1.0,56,44,54.842423354238456,45.157576645761544,0.9957666666666667,53,56,0.000374851624967453
Corrected 50%,0.5,10.0,0.0,shared,1.0,56,44,55.95528971194165,44.04471028805835,0.9996,54,58,0.00011544695751728815
Corrected 50%,0.5,0.0,0.0,independent,1.0,51,49,49.539226217405826,50.460773782594174,0.29123333333333334,48,51,0.002623080116255753
Corrected 50%,0.5,2.0,0.0,independent,1.0,51,49,50.98188121990533,49.01811878009467,0.6131666666666666,49,53,0.002811839881379898
Corrected 50%,0.5,4.0,0.0,independent,1.0,52,48,52.35911712394194,47.64088287605806,0.8671666666666666,51,54,0.00195949516363177
Corrected 50%,0.5,6.0,0.0,independent,1.0,53,47,53.64842152518834,46.35157847481166,0.9742666666666666,52,55,0.0009141686366837893
Corrected 50%,0.5,8.0,0.0,independent,1.0,56,44,54.84443958276625,45.15556041723375,0.997,53,56,0.00031575306807693905
Corrected 50%,0.5,10.0,0.0,independent,1.0,56,44,55.95717385682666,44.04282614317334,0.9997333333333334,54,58,9.42683325328158e-05
Corrected 50%,0.5,0.0,0.0,shared,2.0,51,49,49.537700076627296,50.462299923372704,0.3191333333333333,47,52,0.0026912651850563326
Corrected 50%,0.5,2.0,0.0,shared,2.0,51,49,50.964436366772915,49.035563633227085,0.5927,49,53,0.0028367041321458487
Corrected 50%,0.5,4.0,0.0,shared,2.0,52,48,52.33021639615657,47.66978360384343,0.8277,50,54,0.0021803112163175237
Corrected 50%,0.5,6.0,0.0,shared,2.0,53,47,53.61354811017189,46.38645188982811,0.9485666666666667,52,56,0.0012752508976087223
Corrected 50%,0.5,8.0,0.0,shared,2.0,56,44,54.808761925964475,45.191238074035525,0.9896,53,57,0.0005857143786294922
Corrected 50%,0.5,10.0,0.0,shared,2.0,56,44,55.92490820060574,44.07509179939426,0.9987666666666667,54,58,0.00020263367787069994
Corrected 50%,0.5,0.0,0.0,independent,2.0,51,49,49.536832685161585,50.463167314838415,0.2910333333333333,48,51,0.0026225492192535507
Corrected 50%,0.5,2.0,0.0,independent,2.0,51,49,50.96713682363335,49.03286317636665,0.6108333333333333,49,53,0.0028149361876853873
Corrected 50%,0.5,4.0,0.0,independent,2.0,52,48,52.335679784439435,47.664320215560565,0.8617333333333334,51,54,0.0019928956784501252
Corrected 50%,0.5,6.0,0.0,independent,2.0,53,47,53.620724494094375,46.379275505905625,0.9710333333333333,52,55,0.0009682905708668398
Corrected 50%,0.5,8.0,0.0,independent,2.0,56,44,54.81653245141615,45.18346754858385,0.9967,53,56,0.0003311147837231056
Corrected 50%,0.5,10.0,0.0,independent,2.0,56,44,55.93221098910156,44.06778901089844,0.9996666666666667,54,58,0.00010539168566545552
Corrected 50%,0.5,0.0,0.0,shared,3.0,51,49,49.53561086281398,50.46438913718602,0.3454333333333333,47,52,0.0027453545342120238
Corrected 50%,0.5,2.0,0.0,shared,3.0,51,49,50.9390882127932,49.0609117872068,0.5773,48,53,0.0028520443544938078
Corrected 50%,0.5,4.0,0.0,shared,3.0,52,48,52.28767679540694,47.71232320459306,0.7856333333333333,50,55,0.0023693430797648595
Corrected 50%,0.5,6.0,0.0,shared,3.0,53,47,53.56166468448161,46.43833531551839,0.9189,51,56,0.0015761005678572668
Corrected 50%,0.5,8.0,0.0,shared,3.0,56,44,54.755211915800786,45.244788084199214,0.9762666666666666,53,57,0.0008788261531198358
Corrected 50%,0.5,10.0,0.0,shared,3.0,56,44,55.87597160255157,44.12402839744843,0.9948666666666667,54,58,0.0004125927056320075
Corrected 50%,0.5,0.0,0.0,independent,3.0,51,49,49.53348139544899,50.46651860455101,0.2934,48,51,0.0026287921180648726
Corrected 50%,0.5,2.0,0.0,independent,3.0,51,49,50.944422731057465,49.055577268942535,0.6028666666666667,49,53,0.0028249982235327093
Corrected 50%,0.5,4.0,0.0,independent,3.0,52,48,52.298938207516244,47.701061792483756,0.8526,51,54,0.0020467310521902968
Corrected 50%,0.5,6.0,0.0,independent,3.0,53,47,53.57669679226613,46.42330320773387,0.9678,52,55,0.0010192016483503155
Corrected 50%,0.5,8.0,0.0,independent,3.0,56,44,54.771645877377466,45.228354122622534,0.9956666666666667,53,56,0.00037923412098401355
Corrected 50%,0.5,10.0,0.0,independent,3.0,56,44,55.8915897395636,44.1084102604364,0.9996666666666667,54,57,0.00010539168566545552
